Period, Interest , Principal 
1," $29,166.67 "," $4,098.46 "
2," $29,142.76 "," $4,122.37 "
3," $29,118.71 "," $4,146.41 "
4," $29,094.52 "," $4,170.60 "
5," $29,070.20 "," $4,194.93 "
6," $29,045.73 "," $4,219.40 "
7," $29,021.11 "," $4,244.01 "
8," $28,996.36 "," $4,268.77 "
9," $28,971.45 "," $4,293.67 "
10," $28,946.41 "," $4,318.72 "
11," $28,921.22 "," $4,343.91 "
12," $28,895.88 "," $4,369.25 "
13," $28,870.39 "," $4,394.74 "
14," $28,844.75 "," $4,420.37 "
15," $28,818.97 "," $4,446.16 "
16," $28,793.03 "," $4,472.09 "
17," $28,766.94 "," $4,498.18 "
18," $28,740.70 "," $4,524.42 "
19," $28,714.31 "," $4,550.81 "
20," $28,687.77 "," $4,577.36 "
21," $28,661.06 "," $4,604.06 "
22," $28,634.21 "," $4,630.92 "
23," $28,607.19 "," $4,657.93 "
24," $28,580.02 "," $4,685.10 "
25," $28,552.69 "," $4,712.43 "
26," $28,525.20 "," $4,739.92 "
27," $28,497.55 "," $4,767.57 "
28," $28,469.74 "," $4,795.38 "
29," $28,441.77 "," $4,823.35 "
30," $28,413.63 "," $4,851.49 "
31," $28,385.33 "," $4,879.79 "
32," $28,356.87 "," $4,908.26 "
33," $28,328.24 "," $4,936.89 "
34," $28,299.44 "," $4,965.69 "
35," $28,270.47 "," $4,994.65 "
36," $28,241.34 "," $5,023.79 "
37," $28,212.03 "," $5,053.09 "
38," $28,182.55 "," $5,082.57 "
39," $28,152.91 "," $5,112.22 "
40," $28,123.08 "," $5,142.04 "
41," $28,093.09 "," $5,172.04 "
42," $28,062.92 "," $5,202.21 "
43," $28,032.57 "," $5,232.55 "
44," $28,002.05 "," $5,263.07 "
45," $27,971.35 "," $5,293.78 "
46," $27,940.47 "," $5,324.66 "
47," $27,909.41 "," $5,355.72 "
48," $27,878.17 "," $5,386.96 "
49," $27,846.74 "," $5,418.38 "
50," $27,815.14 "," $5,449.99 "
51," $27,783.34 "," $5,481.78 "
52," $27,751.37 "," $5,513.76 "
53," $27,719.20 "," $5,545.92 "
54," $27,686.85 "," $5,578.27 "
55," $27,654.31 "," $5,610.81 "
56," $27,621.58 "," $5,643.54 "
57," $27,588.66 "," $5,676.46 "
58," $27,555.55 "," $5,709.58 "
59," $27,522.24 "," $5,742.88 "
60," $27,488.74 "," $5,776.38 "
61," $27,455.05 "," $5,810.08 "
62," $27,421.15 "," $5,843.97 "
63," $27,387.07 "," $5,878.06 "
64," $27,352.78 "," $5,912.35 "
65," $27,318.29 "," $5,946.84 "
66," $27,283.60 "," $5,981.53 "
67," $27,248.71 "," $6,016.42 "
68," $27,213.61 "," $6,051.51 "
69," $27,178.31 "," $6,086.82 "
70," $27,142.80 "," $6,122.32 "
71," $27,107.09 "," $6,158.04 "
72," $27,071.17 "," $6,193.96 "
73," $27,035.04 "," $6,230.09 "
74," $26,998.69 "," $6,266.43 "
75," $26,962.14 "," $6,302.99 "
76," $26,925.37 "," $6,339.75 "
77," $26,888.39 "," $6,376.73 "
78," $26,851.19 "," $6,413.93 "
79," $26,813.78 "," $6,451.35 "
80," $26,776.15 "," $6,488.98 "
81," $26,738.29 "," $6,526.83 "
82," $26,700.22 "," $6,564.91 "
83," $26,661.92 "," $6,603.20 "
84," $26,623.41 "," $6,641.72 "
85," $26,584.66 "," $6,680.46 "
86," $26,545.69 "," $6,719.43 "
87," $26,506.50 "," $6,758.63 "
88," $26,467.07 "," $6,798.05 "
89," $26,427.42 "," $6,837.71 "
90," $26,387.53 "," $6,877.60 "
91," $26,347.41 "," $6,917.71 "
92," $26,307.06 "," $6,958.07 "
93," $26,266.47 "," $6,998.66 "
94," $26,225.64 "," $7,039.48 "
95," $26,184.58 "," $7,080.55 "
96," $26,143.28 "," $7,121.85 "
97," $26,101.73 "," $7,163.39 "
98," $26,059.94 "," $7,205.18 "
99," $26,017.91 "," $7,247.21 "
100," $25,975.64 "," $7,289.49 "
101," $25,933.12 "," $7,332.01 "
102," $25,890.35 "," $7,374.78 "
103," $25,847.33 "," $7,417.80 "
104," $25,804.06 "," $7,461.07 "
105," $25,760.53 "," $7,504.59 "
106," $25,716.76 "," $7,548.37 "
107," $25,672.73 "," $7,592.40 "
108," $25,628.44 "," $7,636.69 "
109," $25,583.89 "," $7,681.24 "
110," $25,539.08 "," $7,726.04 "
111," $25,494.01 "," $7,771.11 "
112," $25,448.68 "," $7,816.44 "
113," $25,403.09 "," $7,862.04 "
114," $25,357.22 "," $7,907.90 "
115," $25,311.09 "," $7,954.03 "
116," $25,264.70 "," $8,000.43 "
117," $25,218.03 "," $8,047.10 "
118," $25,171.09 "," $8,094.04 "
119," $25,123.87 "," $8,141.25 "
120," $25,076.38 "," $8,188.75 "
121," $25,028.61 "," $8,236.51 "
122," $24,980.57 "," $8,284.56 "
123," $24,932.24 "," $8,332.89 "
124," $24,883.63 "," $8,381.49 "
125," $24,834.74 "," $8,430.39 "
126," $24,785.56 "," $8,479.56 "
127," $24,736.10 "," $8,529.03 "
128," $24,686.34 "," $8,578.78 "
129," $24,636.30 "," $8,628.82 "
130," $24,585.97 "," $8,679.16 "
131," $24,535.34 "," $8,729.79 "
132," $24,484.41 "," $8,780.71 "
133," $24,433.19 "," $8,831.93 "
134," $24,381.67 "," $8,883.45 "
135," $24,329.85 "," $8,935.27 "
136," $24,277.73 "," $8,987.39 "
137," $24,225.31 "," $9,039.82 "
138," $24,172.57 "," $9,092.55 "
139," $24,119.53 "," $9,145.59 "
140," $24,066.18 "," $9,198.94 "
141," $24,012.52 "," $9,252.60 "
142," $23,958.55 "," $9,306.58 "
143," $23,904.26 "," $9,360.86 "
144," $23,849.66 "," $9,415.47 "
145," $23,794.73 "," $9,470.39 "
146," $23,739.49 "," $9,525.64 "
147," $23,683.92 "," $9,581.20 "
148," $23,628.03 "," $9,637.09 "
149," $23,571.82 "," $9,693.31 "
150," $23,515.27 "," $9,749.85 "
151," $23,458.40 "," $9,806.73 "
152," $23,401.19 "," $9,863.93 "
153," $23,343.65 "," $9,921.47 "
154," $23,285.78 "," $9,979.35 "
155," $23,227.56 "," $10,037.56 "
156," $23,169.01 "," $10,096.11 "
157," $23,110.12 "," $10,155.01 "
158," $23,050.88 "," $10,214.25 "
159," $22,991.30 "," $10,273.83 "
160," $22,931.37 "," $10,333.76 "
161," $22,871.09 "," $10,394.04 "
162," $22,810.45 "," $10,454.67 "
163," $22,749.47 "," $10,515.66 "
164," $22,688.13 "," $10,577.00 "
165," $22,626.43 "," $10,638.70 "
166," $22,564.37 "," $10,700.76 "
167," $22,501.95 "," $10,763.18 "
168," $22,439.16 "," $10,825.96 "
169," $22,376.01 "," $10,889.11 "
170," $22,312.49 "," $10,952.63 "
171," $22,248.60 "," $11,016.52 "
172," $22,184.34 "," $11,080.79 "
173," $22,119.70 "," $11,145.43 "
174," $22,054.68 "," $11,210.44 "
175," $21,989.29 "," $11,275.83 "
176," $21,923.51 "," $11,341.61 "
177," $21,857.36 "," $11,407.77 "
178," $21,790.81 "," $11,474.31 "
179," $21,723.88 "," $11,541.25 "
180," $21,656.55 "," $11,608.57 "
181," $21,588.84 "," $11,676.29 "
182," $21,520.72 "," $11,744.40 "
183," $21,452.22 "," $11,812.91 "
184," $21,383.31 "," $11,881.82 "
185," $21,314.00 "," $11,951.13 "
186," $21,244.28 "," $12,020.84 "
187," $21,174.16 "," $12,090.97 "
188," $21,103.63 "," $12,161.50 "
189," $21,032.69 "," $12,232.44 "
190," $20,961.33 "," $12,303.79 "
191," $20,889.56 "," $12,375.57 "
192," $20,817.37 "," $12,447.76 "
193," $20,744.76 "," $12,520.37 "
194," $20,671.72 "," $12,593.40 "
195," $20,598.26 "," $12,666.87 "
196," $20,524.37 "," $12,740.76 "
197," $20,450.05 "," $12,815.08 "
198," $20,375.29 "," $12,889.83 "
199," $20,300.10 "," $12,965.02 "
200," $20,224.47 "," $13,040.65 "
201," $20,148.40 "," $13,116.72 "
202," $20,071.89 "," $13,193.24 "
203," $19,994.93 "," $13,270.20 "
204," $19,917.52 "," $13,347.61 "
205," $19,839.66 "," $13,425.47 "
206," $19,761.34 "," $13,503.78 "
207," $19,682.57 "," $13,582.55 "
208," $19,603.34 "," $13,661.79 "
209," $19,523.65 "," $13,741.48 "
210," $19,443.49 "," $13,821.64 "
211," $19,362.86 "," $13,902.26 "
212," $19,281.76 "," $13,983.36 "
213," $19,200.19 "," $14,064.93 "
214," $19,118.15 "," $14,146.98 "
215," $19,035.62 "," $14,229.50 "
216," $18,952.62 "," $14,312.51 "
217," $18,869.13 "," $14,396.00 "
218," $18,785.15 "," $14,479.97 "
219," $18,700.69 "," $14,564.44 "
220," $18,615.73 "," $14,649.40 "
221," $18,530.27 "," $14,734.85 "
222," $18,444.32 "," $14,820.81 "
223," $18,357.86 "," $14,907.26 "
224," $18,270.91 "," $14,994.22 "
225," $18,183.44 "," $15,081.69 "
226," $18,095.46 "," $15,169.66 "
227," $18,006.97 "," $15,258.15 "
228," $17,917.97 "," $15,347.16 "
229," $17,828.44 "," $15,436.68 "
230," $17,738.39 "," $15,526.73 "
231," $17,647.82 "," $15,617.30 "
232," $17,556.72 "," $15,708.40 "
233," $17,465.09 "," $15,800.04 "
234," $17,372.92 "," $15,892.20 "
235," $17,280.22 "," $15,984.91 "
236," $17,186.97 "," $16,078.15 "
237," $17,093.18 "," $16,171.94 "
238," $16,998.85 "," $16,266.28 "
239," $16,903.96 "," $16,361.16 "
240," $16,808.52 "," $16,456.61 "
241," $16,712.52 "," $16,552.60 "
242," $16,615.97 "," $16,649.16 "
243," $16,518.85 "," $16,746.28 "
244," $16,421.16 "," $16,843.97 "
245," $16,322.90 "," $16,942.22 "
246," $16,224.07 "," $17,041.05 "
247," $16,124.67 "," $17,140.46 "
248," $16,024.68 "," $17,240.44 "
249," $15,924.11 "," $17,341.01 "
250," $15,822.96 "," $17,442.17 "
251," $15,721.21 "," $17,543.91 "
252," $15,618.87 "," $17,646.25 "
253," $15,515.93 "," $17,749.19 "
254," $15,412.40 "," $17,852.73 "
255," $15,308.26 "," $17,956.87 "
256," $15,203.51 "," $18,061.62 "
257," $15,098.15 "," $18,166.98 "
258," $14,992.17 "," $18,272.95 "
259," $14,885.58 "," $18,379.54 "
260," $14,778.37 "," $18,486.76 "
261," $14,670.53 "," $18,594.60 "
262," $14,562.06 "," $18,703.06 "
263," $14,452.96 "," $18,812.17 "
264," $14,343.22 "," $18,921.90 "
265," $14,232.84 "," $19,032.28 "
266," $14,121.82 "," $19,143.30 "
267," $14,010.15 "," $19,254.97 "
268," $13,897.83 "," $19,367.29 "
269," $13,784.86 "," $19,480.27 "
270," $13,671.22 "," $19,593.90 "
271," $13,556.92 "," $19,708.20 "
272," $13,441.96 "," $19,823.17 "
273," $13,326.32 "," $19,938.80 "
274," $13,210.01 "," $20,055.11 "
275," $13,093.03 "," $20,172.10 "
276," $12,975.36 "," $20,289.77 "
277," $12,857.00 "," $20,408.13 "
278," $12,737.95 "," $20,527.17 "
279," $12,618.21 "," $20,646.92 "
280," $12,497.77 "," $20,767.36 "
281," $12,376.63 "," $20,888.50 "
282," $12,254.78 "," $21,010.35 "
283," $12,132.22 "," $21,132.91 "
284," $12,008.94 "," $21,256.18 "
285," $11,884.95 "," $21,380.18 "
286," $11,760.23 "," $21,504.90 "
287," $11,634.78 "," $21,630.34 "
288," $11,508.61 "," $21,756.52 "
289," $11,381.69 "," $21,883.43 "
290," $11,254.04 "," $22,011.08 "
291," $11,125.64 "," $22,139.48 "
292," $10,996.49 "," $22,268.63 "
293," $10,866.59 "," $22,398.53 "
294," $10,735.94 "," $22,529.19 "
295," $10,604.52 "," $22,660.61 "
296," $10,472.33 "," $22,792.80 "
297," $10,339.37 "," $22,925.75 "
298," $10,205.64 "," $23,059.49 "
299," $10,071.12 "," $23,194.00 "
300," $9,935.83 "," $23,329.30 "
301," $9,799.74 "," $23,465.39 "
302," $9,662.86 "," $23,602.27 "
303," $9,525.18 "," $23,739.95 "
304," $9,386.69 "," $23,878.43 "
305," $9,247.40 "," $24,017.72 "
306," $9,107.30 "," $24,157.83 "
307," $8,966.38 "," $24,298.75 "
308," $8,824.64 "," $24,440.49 "
309," $8,682.07 "," $24,583.06 "
310," $8,538.67 "," $24,726.46 "
311," $8,394.43 "," $24,870.70 "
312," $8,249.35 "," $25,015.78 "
313," $8,103.42 "," $25,161.70 "
314," $7,956.65 "," $25,308.48 "
315," $7,809.01 "," $25,456.11 "
316," $7,660.52 "," $25,604.60 "
317," $7,511.16 "," $25,753.96 "
318," $7,360.93 "," $25,904.20 "
319," $7,209.82 "," $26,055.30 "
320," $7,057.83 "," $26,207.29 "
321," $6,904.96 "," $26,360.17 "
322," $6,751.19 "," $26,513.94 "
323," $6,596.52 "," $26,668.60 "
324," $6,440.96 "," $26,824.17 "
325," $6,284.48 "," $26,980.64 "
326," $6,127.09 "," $27,138.03 "
327," $5,968.79 "," $27,296.33 "
328," $5,809.56 "," $27,455.56 "
329," $5,649.40 "," $27,615.72 "
330," $5,488.31 "," $27,776.81 "
331," $5,326.28 "," $27,938.84 "
332," $5,163.30 "," $28,101.82 "
333," $4,999.38 "," $28,265.75 "
334," $4,834.49 "," $28,430.63 "
335," $4,668.65 "," $28,596.48 "
336," $4,501.84 "," $28,763.29 "
337," $4,334.05 "," $28,931.08 "
338," $4,165.28 "," $29,099.84 "
339," $3,995.54 "," $29,269.59 "
340," $3,824.80 "," $29,440.33 "
341," $3,653.06 "," $29,612.06 "
342," $3,480.32 "," $29,784.80 "
343," $3,306.58 "," $29,958.55 "
344," $3,131.82 "," $30,133.30 "
345," $2,956.04 "," $30,309.08 "
346," $2,779.24 "," $30,485.88 "
347," $2,601.41 "," $30,663.72 "
348," $2,422.53 "," $30,842.59 "
349," $2,242.62 "," $31,022.51 "
350," $2,061.65 "," $31,203.47 "
351," $1,879.63 "," $31,385.49 "
352," $1,696.55 "," $31,568.57 "
353," $1,512.40 "," $31,752.72 "
354," $1,327.18 "," $31,937.95 "
355," $1,140.87 "," $32,124.25 "
356, $953.48 ," $32,311.64 "
357, $765.00 ," $32,500.13 "
358, $575.41 ," $32,689.71 "
359, $384.72 ," $32,880.40 "
360, $192.92 ," $33,072.20 "
,,
," $6,975,444.92 "," $5,000,000.06 "
